가구원수,가구주연령,소득,소득분위
1.66,59.93,328539,1
1.59,61.47,359373,1
1.56,62.29,334742,1
1.53,62.01,377784,1
1.58,63.36,345667,1
1.57,62.32,343155,1
1.54,63.02,382345,1
1.49,63.26,358607,1
1.51,63.19,343812,1
1.47,63.09,347527,1
1.45,62.69,370862,1
1.43,63.81,356905,1
1.49,62.81,301138,1
1.47,63.78,314182,1
1.45,62.96,311392,1
1.4,61.46,350227,1
1.42,61.35,329672,1
1.38,62.5,347923,1
1.41,63.07,365684,1
1.43,63.76,335867,1
1.45,63.81,363398,1
1.45,64.63,383044,1
1.41,65.33,387347,1
1.42,66.01,369967,1
1.42,65.62,385923,1
1.4,66.67,431852,1
1.38,67.09,423825,1
1.41,67.25,394803,1
1.37,67.05,402599,1
1.39,67.14,408329,1
1.37,67.67,412875,1
1.34,68.38,395503,1
1.32,67.7,390622,1
1.33,66.7,382436,1
1.32,66.67,478244,1
1.33,67.25,450772,1
1.29,67.59,484437,1
1.24,67.68,498680,1
1.24,67.89,517959,1
1.29,67.05,477487,1
1.3,65.98,456572,1
1.29,66.48,446536,1
1.31,66.56,471122,1
1.33,68.07,442766,1
1.27,68.76,493773,1
1.26,69.54,513912,1
1.24,69.83,481562,1
1.26,68.84,531149,1
1.27,69.2,414188,1
1.24,68.38,414793,1
1.27,68.33,446767,1
1.28,67.5,407949,1
1.29,67.66,426846,1
1.3,67.17,445853,1
1.27,67.46,443821,1
1.28,68.78,431087,1
2.07,55.4,859026,2
1.99,55.34,864908,2
1.98,56.63,840533,2
2.01,55.7,903494,2
1.97,55.92,861827,2
1.94,56.42,865609,2
1.96,56.73,901865,2
1.95,57.36,873543,2
1.82,58.53,855989,2
1.79,57.39,828582,2
1.8,59.32,893588,2
1.87,58.59,884320,2
1.78,59.02,807783,2
1.72,58.89,840908,2
1.81,58.08,849911,2
1.78,57.38,889695,2
1.77,58.57,882193,2
1.76,58.43,920831,2
1.78,58.57,949031,2
1.77,58.6,936978,2
1.77,58.92,953647,2
1.74,59.93,990409,2
1.73,59.76,1004980,2
1.75,60.07,982933,2
1.7,60.87,987852,2
1.78,60.38,1058813,2
1.7,60.46,1082779,2
1.73,61.01,1035855,2
1.69,62.33,1039374,2
1.67,63.01,1033771,2
1.72,62.99,1081503,2
1.7,63.35,1061226,2
1.63,63.73,1032622,2
1.62,62.89,1008922,2
1.62,63.06,1111027,2
1.63,63.35,1081207,2
1.54,63.01,1071829,2
1.5,62.75,1096002,2
1.61,63.83,1117565,2
1.56,64.19,1077952,2
1.5,65.72,1037585,2
1.56,65.78,1037252,2
1.55,65.51,1053382,2
1.52,63.8,1008078,2
1.56,65.79,1026799,2
1.56,65.15,1065426,2
1.54,66.49,1047239,2
1.53,66.4,1123903,2
1.45,66.58,890513,2
1.48,66.75,901587,2
1.51,67.23,934963,2
1.53,67.05,898039,2
1.49,67.03,888871,2
1.41,67.7,917871,2
1.43,68.96,957152,2
1.48,68.74,928619,2
2.48,49.03,1331784,3
2.44,48.79,1321823,3
2.4,48.35,1288696,3
2.4,49.81,1374063,3
2.43,49.68,1330434,3
2.38,49.31,1362372,3
2.39,49.9,1396567,3
2.39,50.99,1379484,3
2.34,50.42,1338399,3
2.27,51.86,1337990,3
2.35,51.52,1420700,3
2.31,51.48,1400098,3
2.23,52.46,1338704,3
2.23,52.66,1351793,3
2.2,52.12,1377457,3
2.38,52.74,1418253,3
2.25,52.75,1440683,3
2.22,51.88,1487413,3
2.19,53.28,1500432,3
2.19,52.48,1506708,3
2.18,52.81,1535544,3
2.21,51.95,1581344,3
2.2,52.16,1605465,3
2.17,51.5,1613772,3
2.14,52.5,1595508,3
2.13,51.53,1664247,3
2.12,52.68,1698359,3
2.12,53.1,1664736,3
2.08,54.64,1678468,3
2.14,54.41,1683031,3
2.06,54.4,1712541,3
2.15,54.34,1712395,3
2.02,55.66,1672544,3
2.03,55.15,1691151,3
1.97,54.43,1738889,3
2.02,53.68,1708311,3
1.93,54.47,1692536,3
1.93,55.99,1697969,3
1.88,54.87,1747903,3
1.95,55.48,1713439,3
1.85,56.66,1643716,3
1.86,56.63,1661581,3
1.82,56.63,1686902,3
1.83,57.2,1619049,3
1.75,58.07,1626336,3
1.78,56.41,1637448,3
1.82,57.85,1623494,3
1.76,58.55,1694280,3
1.78,60.41,1473502,3
1.76,60.42,1493842,3
1.73,59.94,1519505,3
1.74,61.02,1459146,3
1.77,62.74,1464560,3
1.77,61.67,1512073,3
1.78,62.08,1580282,3
1.77,61.48,1547592,3
2.85,45.34,1745688,4
2.83,45.54,1729572,4
2.79,46.4,1740712,4
2.86,46.35,1809063,4
2.7,46.4,1792082,4
2.79,46.3,1827718,4
2.75,46.68,1862335,4
2.77,46.3,1862759,4
2.68,46.5,1835448,4
2.75,46.09,1840095,4
2.64,47.3,1915547,4
2.72,47.86,1878255,4
2.62,47.62,1817232,4
2.71,47.69,1843719,4
2.69,49.21,1884535,4
2.72,48.11,1964563,4
2.73,48.07,1972559,4
2.66,47.23,2020057,4
2.61,47,2061016,4
2.62,46.95,2041792,4
2.72,47.59,2111828,4
2.62,47.56,2132693,4
2.59,47.8,2177229,4
2.62,47.9,2197704,4
2.55,49.21,2230242,4
2.68,48.34,2274121,4
2.67,48.77,2328573,4
2.72,49.16,2286960,4
2.65,50.2,2285124,4
2.58,48.72,2331848,4
2.65,49.16,2372098,4
2.65,48.73,2369950,4
2.47,50.2,2333513,4
2.52,49.2,2333398,4
2.53,50.49,2398882,4
2.52,49.66,2378264,4
2.39,51.89,2360961,4
2.34,50.82,2357157,4
2.39,51.56,2410145,4
2.31,50.49,2355504,4
2.26,52.46,2306297,4
2.26,52.25,2317799,4
2.19,52.43,2333658,4
2.22,52.23,2280048,4
2.14,53.57,2217923,4
2.08,54.45,2209816,4
2.07,53.51,2219788,4
2.14,53.13,2282406,4
2.07,54.87,2074216,4
2.07,53.83,2142236,4
2.01,54.31,2173204,4
1.98,53.41,2090524,4
1.97,54.7,2131082,4
2.03,53.9,2181029,4
2.03,54.45,2283784,4
2.01,53.93,2234534,4
3.1,44.73,2173110,5
3.06,44.84,2150125,5
3.06,44.72,2160265,5
2.95,44.33,2229613,5
2.97,45.96,2234836,5
2.98,46.14,2254419,5
2.97,45.76,2310086,5
3,45.87,2310973,5
2.93,45.77,2307638,5
3.03,45.84,2280898,5
2.99,46.26,2375000,5
2.99,45.54,2348346,5
3.04,46.03,2284044,5
3.04,45.84,2305842,5
3.03,44.74,2394138,5
2.98,45.4,2481290,5
2.95,46.31,2491313,5
3.06,45.56,2532370,5
3.06,46.71,2614894,5
3,46.39,2590324,5
3.06,46.37,2671346,5
2.99,46.32,2691948,5
2.99,46.67,2760193,5
2.97,46.43,2767628,5
3.01,46.78,2841186,5
3,46.14,2863153,5
3.06,47.18,2930285,5
2.99,46.58,2888158,5
2.94,47.6,2893939,5
3.01,46.65,2925254,5
3.07,46.97,2997786,5
2.97,47.65,2967541,5
2.91,48.22,2999440,5
2.98,47.58,2926755,5
2.91,47.62,3027097,5
2.86,47.5,2978473,5
2.76,47.83,3012910,5
2.84,48.32,2956473,5
2.72,47.43,3047558,5
2.69,48.15,2959804,5
2.57,48.89,2937266,5
2.61,49.07,2920709,5
2.68,49.73,2980080,5
2.73,49.19,2936599,5
2.51,51.96,2854747,5
2.6,50.93,2849325,5
2.66,50.16,2847182,5
2.59,51.37,2909421,5
2.47,51.28,2717101,5
2.53,51.04,2791122,5
2.55,50.74,2840223,5
2.46,51.83,2780124,5
2.39,51.74,2847868,5
2.52,51.69,2912788,5
2.42,51.07,2976718,5
2.47,52.01,2938389,5
3.27,44.54,2625987,6
3.26,44.22,2574188,6
3.26,44,2610053,6
3.25,45.68,2664117,6
3.21,44.47,2694105,6
3.24,45.61,2668063,6
3.19,45.2,2773219,6
3.24,45.62,2766785,6
3.12,44.64,2794255,6
3.18,44.7,2743673,6
3.21,44.78,2872292,6
3.24,44.96,2843841,6
3.28,45.17,2820162,6
3.2,45.38,2804904,6
3.19,44.68,2891963,6
3.22,45.07,3012509,6
3.17,44.88,3021583,6
3.3,45.08,3025567,6
3.22,45.63,3129843,6
3.31,45.65,3087371,6
3.18,45.37,3186929,6
3.28,46.12,3215131,6
3.19,45.35,3335808,6
3.24,46.12,3294053,6
3.18,46.22,3424366,6
3.14,47.05,3379374,6
3.19,46.55,3488200,6
3.21,45.79,3466950,6
3.16,46.13,3488151,6
3.22,46.08,3458356,6
3.14,47.14,3571126,6
3.22,46.58,3553180,6
3.11,47.29,3603474,6
3.03,47.32,3502494,6
3.13,46.75,3661773,6
3.09,47.23,3536588,6
2.98,47.8,3641166,6
3.03,47.12,3540497,6
2.99,47.27,3657090,6
3.05,47.08,3594416,6
2.98,47.39,3599466,6
2.97,47.38,3534349,6
3.06,48.19,3633767,6
3.04,47.71,3540099,6
2.98,48.87,3527379,6
2.87,48.17,3491928,6
2.86,49.59,3567377,6
2.84,48.99,3560244,6
2.76,50,3464873,6
2.79,49.7,3417758,6
2.76,50.35,3565617,6
2.79,50.15,3532682,6
2.76,50.84,3629800,6
2.74,50.2,3669179,6
2.77,50.19,3735011,6
2.68,50.05,3703143,6
3.49,43.73,3111160,7
3.38,44.43,3039914,7
3.4,44,3095125,7
3.46,45.09,3172470,7
3.41,45.03,3215716,7
3.41,43.88,3139291,7
3.4,45.49,3297086,7
3.35,44.65,3268778,7
3.34,44.51,3348067,7
3.37,45.23,3260368,7
3.4,44.79,3420551,7
3.41,45.19,3376348,7
3.42,45.54,3393976,7
3.47,45.15,3323822,7
3.44,44.79,3444709,7
3.41,44.79,3528575,7
3.49,45,3601615,7
3.4,45.57,3563835,7
3.39,45.07,3687064,7
3.42,45.17,3652274,7
3.36,46.07,3814823,7
3.41,44.89,3768395,7
3.36,45.32,3934491,7
3.41,45.35,3883482,7
3.39,45.76,4066408,7
3.42,46.18,3959800,7
3.4,46.26,4112458,7
3.45,46.4,4071339,7
3.34,46.08,4102401,7
3.34,46.58,4047149,7
3.36,45.91,4212297,7
3.35,46.24,4176706,7
3.3,46.45,4282942,7
3.32,45.94,4127037,7
3.29,46.04,4335296,7
3.35,46.44,4172016,7
3.18,46.52,4311007,7
3.18,46.79,4157490,7
3.24,46.58,4315600,7
3.29,47.3,4221910,7
3.13,47.45,4311673,7
3.16,47.47,4205885,7
3.11,46.86,4306314,7
3.16,48.11,4195825,7
3.08,46.45,4291267,7
3.19,47.83,4160592,7
3.14,47.58,4297839,7
3.18,47.66,4255127,7
3.06,48.38,4296613,7
3.03,48.03,4182850,7
3.06,48.77,4410914,7
3.12,48.93,4350387,7
3.02,48.98,4506671,7
3.04,48.77,4413759,7
2.98,49.29,4566670,7
3.1,48.88,4518427,7
3.62,43.43,3724817,8
3.54,44.46,3616800,8
3.57,44.72,3724091,8
3.53,44.33,3797770,8
3.41,45.18,3880027,8
3.45,45.02,3711522,8
3.39,43.7,3929436,8
3.47,45.15,3879728,8
3.59,44.32,4023704,8
3.47,43.92,3855057,8
3.53,44.52,4099479,8
3.51,44.18,4001668,8
3.47,45.21,4088957,8
3.55,44.95,3954556,8
3.54,45.19,4110463,8
3.61,45.04,4174181,8
3.45,44.98,4343988,8
3.52,45.26,4254283,8
3.53,45.23,4376783,8
3.5,45.74,4310084,8
3.46,44.81,4559222,8
3.5,46.11,4421508,8
3.6,45.99,4626160,8
3.59,46.13,4578742,8
3.53,46.02,4877688,8
3.49,46.09,4669506,8
3.47,46.04,4850926,8
3.42,46.15,4813944,8
3.45,45.79,4925170,8
3.53,46.3,4759445,8
3.44,45.98,5007909,8
3.48,46.54,4912319,8
3.44,46.5,5095469,8
3.34,46.06,4867839,8
3.37,46.05,5099089,8
3.4,46.63,4932131,8
3.35,45.87,5164714,8
3.38,47.12,4885756,8
3.36,47.19,5138257,8
3.32,47.2,4981260,8
3.33,47.73,5158567,8
3.31,47.73,4962712,8
3.33,47.27,5135233,8
3.28,47.29,4968163,8
3.36,47.47,5161014,8
3.37,47.65,4980127,8
3.34,47.82,5123772,8
3.33,48.01,5055410,8
3.27,48.65,5281013,8
3.23,49.65,5141861,8
3.28,48.73,5374409,8
3.27,48.91,5280342,8
3.24,48.82,5530537,8
3.16,49.38,5325134,8
3.15,48.66,5557636,8
3.13,49.75,5484311,8
3.71,44.98,4543794,9
3.52,44.72,4411751,9
3.53,45.11,4550051,9
3.52,44.67,4705393,9
3.57,44.31,4863094,9
3.51,45.63,4556636,9
3.58,45.35,4838977,9
3.58,45.2,4769666,9
3.54,45.67,5047632,9
3.63,45.58,4781461,9
3.5,45.37,5065637,9
3.51,45.91,4930750,9
3.55,45.09,5124334,9
3.57,45.29,4778963,9
3.58,45.72,5063057,9
3.56,45.54,5136006,9
3.52,45.84,5434759,9
3.56,46.08,5142191,9
3.5,46.22,5342444,9
3.59,46.5,5265681,9
3.53,45.94,5600443,9
3.53,45.96,5343200,9
3.53,46.58,5690477,9
3.59,46.75,5620145,9
3.58,46.18,6059759,9
3.58,47.08,5653366,9
3.54,46.58,5949720,9
3.57,46.82,5883306,9
3.54,46.86,6141954,9
3.55,47.18,5817226,9
3.56,46.73,6197797,9
3.56,46.74,6022859,9
3.49,46.18,6367397,9
3.52,46.78,5909771,9
3.5,46.72,6211194,9
3.46,47.21,6090124,9
3.52,47.25,6419850,9
3.55,47.22,5926307,9
3.56,47.21,6214267,9
3.54,48.03,6058899,9
3.47,47.55,6430081,9
3.39,48.04,6079084,9
3.38,48.23,6335857,9
3.39,48.4,6050145,9
3.32,47.11,6405728,9
3.33,48.33,6054496,9
3.23,48.35,6373276,9
3.33,48.33,6204487,9
3.28,48.61,6748290,9
3.31,49.25,6418846,9
3.25,48.95,6834037,9
3.3,49.13,6576233,9
3.27,48.99,6998266,9
3.27,50,6724941,9
3.37,50,7007154,9
3.33,50.77,6900746,9
3.64,46.11,7035727,10
3.64,46.46,6688337,10
3.61,46.48,6903005,10
3.62,47.02,7213179,10
3.53,46.93,7686137,10
3.55,46.37,6874471,10
3.6,46.51,7519677,10
3.54,46.54,7618151,10
3.62,45.98,8118907,10
3.64,46.55,7447054,10
3.67,46.42,8005757,10
3.7,46,7642308,10
3.63,45.27,8284691,10
3.62,46.19,7278777,10
3.63,45.93,7716638,10
3.64,46.7,7986476,10
3.6,46.16,8920151,10
3.61,46.91,7690081,10
3.66,46.98,7965758,10
3.63,47.08,7915986,10
3.57,46.98,9143285,10
3.6,47.72,8056385,10
3.6,47.52,8491586,10
3.55,47.95,8627235,10
3.6,47.65,9373319,10
3.61,49.01,8539314,10
3.58,48.23,9299031,10
3.61,48.02,9210113,10
3.52,46.9,9504761,10
3.53,47.84,8737543,10
3.57,47.74,9368372,10
3.57,47.59,8910932,10
3.48,47.32,9917348,10
3.55,48.6,8834374,10
3.55,48.51,9634226,10
3.6,48.2,9318169,10
3.46,48.23,10110772,10
3.49,48.74,9142889,10
3.43,48.35,9451085,10
3.47,48.91,9237646,10
3.45,48.15,10348585,10
3.48,48.9,9189925,10
3.44,48.77,9561922,10
3.43,48.31,9305636,10
3.4,48.81,10477209,10
3.38,49.66,9199667,10
3.42,49.36,10038390,10
3.44,49.89,9350874,10
3.4,48.93,11512616,10
3.4,50.13,10243022,10
3.4,50.42,10876929,10
3.39,50.47,10418039,10
3.34,50.45,11064182,10
3.4,50.94,10459582,10
3.37,51.46,10975030,10
3.4,51.4,10569794,10
2.99,47.72,2748346,6
2.93,48.02,2676188,6
2.92,48.27,2725319,6
2.91,48.5,2825442,6
2.88,48.72,2890997,6
2.88,48.7,2760648,6
2.88,48.83,2921773,6
2.88,49.09,2909254,6
2.85,48.95,3002519,6
2.86,49.02,2873507,6
2.85,49.3,3045332,6
2.87,49.35,2966876,6
2.85,49.42,3027528,6
2.86,49.58,2880494,6
2.86,49.34,3004898,6
2.87,49.22,3095239,6
2.84,49.39,3244372,6
2.85,49.45,3099040,6
2.83,49.77,3199907,6
2.85,49.83,3164915,6
2.83,49.87,3394843,6
2.83,50.12,3259775,6
2.82,50.25,3402599,6
2.83,50.42,3394121,6
2.81,50.68,3585195,6
2.82,50.84,3450505,6
2.81,50.98,3617646,6
2.82,51.03,3572212,6
2.78,51.35,3647350,6
2.79,51.39,3520916,6
2.8,51.47,3695208,6
2.8,51.61,3608868,6
2.72,51.92,3770830,6
2.72,51.62,3560436,6
2.72,51.63,3770124,6
2.73,51.71,3666505,6
2.64,52.04,3827940,6
2.65,52.25,3627052,6
2.64,52.22,3762291,6
2.65,52.39,3668891,6
2.58,52.8,3824588,6
2.59,52.97,3636178,6
2.59,53.02,3750628,6
2.59,53.03,3635291,6
2.54,53.68,3812775,6
2.54,53.81,3617217,6
2.53,54.04,3765670,6
2.54,54.11,3698430,6
2.48,54.69,3888317,7
2.49,54.72,3715637,6
2.48,54.78,3898365,6
2.49,54.84,3780291,6
2.46,55.19,3950252,6
2.46,55.14,3856841,6
2.46,55.36,4009462,6
2.46,55.58,3926187,6
1,52.77,1163053,3
1,53.62,1178017,3
1,54.22,1155336,3
1,54.19,1262229,3
1,54.18,1307931,3
1,54.13,1245224,3
1,54.24,1340490,3
1,54.67,1286827,3
1,53.33,1363472,3
1,54.23,1292922,3
1,55,1378794,3
1,55.36,1394072,3
1,55.33,1300731,3
1,56.1,1270926,3
1,54.98,1281747,3
1,54.26,1378173,3
1,54.73,1361099,3
1,54.77,1366627,3
1,55.08,1419991,3
1,55.3,1397877,3
1,55.32,1526083,3
1,55.62,1438277,3
1,56.24,1438894,3
1,56.53,1443530,3
1,57.28,1464626,3
1,57.91,1504018,3
1,58.3,1561515,3
1,58.48,1534420,3
1,58.92,1557616,3
1,58.93,1527689,3
1,59.24,1531417,3
1,59.58,1480087,3
1,59.54,1560287,3
1,58.91,1493200,3
1,58.51,1619715,3
1,58.33,1571674,3
1,58.22,1676753,3
1,58.35,1622351,3
1,58.28,1715812,3
1,58.23,1694487,3
1,58.32,1709531,3
1,58.13,1676003,3
1,58.44,1738795,3
1,58.45,1661088,3
1,59.75,1681303,3
1,59.83,1642540,3
1,60.23,1677711,3
1,60.04,1686712,3
1,59.81,1684577,3
1,59.61,1663514,3
1,59.32,1756590,3
1,59,1704815,3
1,59.62,1796639,3
1,59.4,1773411,3
1,59.88,1887791,3
1,60.21,1863710,3
2,52.89,2132580,5
2,52.85,2155743,5
2,52.89,2146432,5
2,53.56,2206928,5
2,53.72,2283495,5
2,53.27,2244650,5
2,53.49,2326928,5
2,53.68,2359580,5
2,54.32,2419507,5
2,54.48,2238223,5
2,54.37,2415646,5
2,54.52,2313998,5
2,54.7,2508809,5
2,54.59,2343333,5
2,54.86,2421095,5
2,55.04,2454579,5
2,54.47,2575842,5
2,54.88,2487005,5
2,55.57,2519985,5
2,55.49,2543104,5
2,55.55,2701900,5
2,56.09,2598049,5
2,55.84,2672809,5
2,56.18,2666003,5
2,56.03,2797486,5
2,56.46,2774119,5
2,56.72,2840784,5
2,57.12,2817097,5
2,57.37,2881660,5
2,57.4,2898073,5
2,57.38,3050417,5
2,57.37,2996762,5
2,57.36,3170040,5
2,57.49,3040087,5
2,57.4,3188199,5
2,57.68,3064781,5
2,57.53,3299891,5
2,58.2,3117367,5
2,58.01,3174966,5
2,58.43,3046730,5
2,58.53,3173425,5
2,59.03,3108010,5
2,59.09,3143197,5
2,59.37,3092734,5
2,59.72,3291559,6
2,59.87,3234307,6
2,59.94,3312332,6
2,60.53,3284940,6
2,60.69,3188232,6
2,60.87,3204504,6
2,61,3291501,6
2,61.16,3186291,6
2,60.88,3397595,6
2,61.04,3374103,6
2,60.95,3424735,6
2,61.02,3383638,6
3,46.18,3080258,7
3,46.42,2996260,7
3,46.42,3104900,7
3,46.37,3169223,7
3,46.67,3281374,7
3,47.03,3126310,7
3,47.16,3282199,7
3,47.37,3281798,7
3,47.17,3397749,7
3,47.09,3302387,7
3,47.45,3513463,7
3,47.33,3351255,7
3,47.26,3459038,7
3,47.53,3233834,7
3,47.48,3462543,7
3,47.6,3568656,7
3,47.81,3791559,7
3,47.62,3588142,7
3,47.67,3708965,7
3,47.75,3579124,7
3,47.46,3838945,7
3,47.65,3828131,7
3,47.59,3976051,7
3,47.69,3971616,7
3,47.87,4182205,7
3,48.14,4049079,7
3,48.15,4233132,7
3,48.15,4252197,7
3,48,4327821,7
3,48.15,4164849,7
3,48.26,4380746,7
3,48.55,4272356,7
3,48.12,4584558,7
3,47.93,4313964,7
3,47.92,4522821,7
3,48.31,4334447,7
3,48.48,4626641,7
3,48.81,4453960,7
3,48.76,4618531,7
3,49.06,4504366,7
3,49.17,4814557,8
3,49.4,4516225,7
3,49.11,4724607,8
3,49.12,4557809,7
3,48.69,4882019,8
3,49.11,4653310,8
3,49.34,4855464,8
3,49.32,4720229,8
3,49.7,5134686,8
3,50.09,4860926,8
3,50.23,5144607,8
3,50.57,4885840,8
3,50.98,5149604,8
3,51.27,5008962,8
3,51.55,5255306,8
3,51.87,5122462,8
4,43.48,3472911,8
4,43.35,3398501,8
4,43.6,3481113,8
4,43.83,3643197,8
4,43.88,3725746,8
4,43.93,3505018,8
4,43.99,3800519,8
4,44.21,3781175,8
4,44.39,3992445,8
4,44.07,3810273,8
4,44.19,4006096,8
4,44.24,3904232,8
4,44.14,3948113,8
4,44.14,3777955,8
4,44.01,3943945,8
4,44.08,4036380,8
4,44.09,4280692,8
4,44.25,4031319,8
4,44.32,4195580,8
4,44.54,4180265,8
4,44.52,4516089,8
4,44.8,4270401,8
4,44.92,4581833,8
4,45.1,4536119,8
4,45.02,4927459,8
4,44.76,4583698,8
4,44.68,4896587,8
4,44.57,4739574,8
4,44.51,4965308,8
4,44.66,4646835,8
4,44.54,4991335,8
4,44.74,4829047,8
4,44.73,5167817,8
4,44.44,4790502,8
4,44.72,5109808,8
4,44.78,5034676,8
4,44.78,5378712,8
4,44.75,4975288,8
4,44.83,5254304,8
4,45.05,5124592,8
4,45.23,5583781,8
4,45.48,5183895,8
4,45.58,5356261,8
4,45.52,5189303,8
4,45.61,5636093,8
4,45.51,5126781,8
4,45.57,5477462,8
4,45.69,5292579,8
4,47.04,5972743,9
4,47.03,5503081,8
4,47.31,5810309,8
4,47.53,5689776,8
4,47.58,6002757,8
4,47.31,5734233,8
4,47.32,6004259,8
4,47.72,5776980,8
5.31,44.36,3668731,8
5.26,44.63,3594034,8
5.25,45.08,3740803,8
5.24,45.19,3859851,8
5.24,44.85,4031770,8
5.24,45.25,3834410,8
5.27,45.25,3992689,8
5.26,45.47,3927582,8
5.24,44.79,4130216,8
5.22,44.86,3970666,8
5.24,44.83,4234413,8
5.27,45.03,4143486,8
5.25,45.15,4331893,8
5.25,45.02,4164494,8
5.25,44.57,4309395,8
5.22,44.58,4357031,8
5.24,44.64,4753106,8
5.25,44.83,4498514,8
5.22,45.44,4710741,8
5.2,45.35,4565518,8
5.18,45.34,4903829,8
5.18,44.95,4577590,8
5.17,45.09,4760839,8
5.18,45.29,4715209,8
5.18,45.61,4998335,8
5.17,45.77,4698456,8
5.17,45.6,4960821,8
5.16,45.44,4961996,8
5.15,45.72,5168212,8
5.17,45.61,5003502,8
5.2,45.69,5031489,8
5.22,45.59,5016804,8
5.21,46.19,5392838,8
5.22,45.97,5132447,8
5.22,46.09,5519334,8
5.21,46.3,5316165,8
5.2,46.2,5678016,8
5.2,46.14,5398331,9
5.17,46.12,5388428,8
5.19,46.18,5260764,8
5.18,46.15,5591397,8
5.16,46.36,5300164,8
5.15,46.29,5448170,8
5.15,45.82,5193075,8
5.17,46.13,5570021,8
5.14,46.58,5238314,8
5.14,46.84,5394806,8
5.16,47.24,5327702,8
5.12,47.41,6274529,9
5.15,47.35,5809447,9
5.14,47.3,6116318,9
5.16,47.37,6157397,9
5.19,46.83,6452994,9
5.17,47.17,6235998,9
5.16,47.31,6438949,9
5.14,47.49,6386695,9
3.14,33.23,2834858,6
3.08,33.25,2739407,6
3.06,33.29,2811397,6
3.05,33.43,2935979,7
3.02,33.58,3048668,7
3,33.62,2915276,7
3,33.57,3104346,7
3,33.52,3151841,7
2.97,33.51,3283910,7
3.04,33.56,3112010,7
3.01,33.52,3271639,7
3.05,33.48,3208755,7
3.03,33.67,3390943,7
3.06,33.72,3127392,7
3.04,33.68,3260815,7
3.05,33.66,3273236,7
3.03,33.8,3497693,7
3.02,33.84,3323634,7
2.98,33.81,3402894,7
3,33.85,3388746,7
2.99,33.95,3681427,7
3.01,34.07,3444253,6
2.99,34.14,3605581,6
2.99,34.11,3567030,6
3.01,34.27,3823314,7
3.08,34.42,3555969,6
3.1,34.51,3795186,7
3.12,34.56,3809279,7
3.1,34.63,4090742,7
3.09,34.68,3852945,7
3.11,34.67,4086392,7
3.13,34.68,4056250,7
3.01,34.57,4272045,7
2.99,34.31,3790216,7
2.93,34.01,3970273,6
2.93,33.92,3880137,7
2.86,33.82,4176660,7
2.88,33.81,3826242,6
2.82,33.69,3920280,6
2.81,33.71,3728280,6
2.74,33.73,4085514,7
2.71,33.84,3744509,6
2.74,33.85,3996496,7
2.77,33.79,3903412,7
2.76,34.09,4300693,7
2.76,34.03,3964638,7
2.73,34.09,4125201,7
2.72,34.11,4080560,7
2.59,33.45,4388476,7
2.58,33.39,3865877,7
2.55,33.3,4053355,7
2.53,33.34,3933690,6
2.55,33.56,4255677,7
2.57,33.59,4043388,7
2.54,33.55,4240297,7
2.52,33.55,4017947,6
3.48,44.38,3222533,7
3.41,44.49,3144269,7
3.43,44.53,3243395,7
3.45,44.55,3307002,7
3.42,44.52,3381233,7
3.41,44.48,3190868,7
3.42,44.46,3395458,7
3.44,44.53,3339057,7
3.41,44.54,3529824,7
3.42,44.54,3399512,7
3.45,44.52,3681116,7
3.47,44.53,3587736,7
3.46,44.53,3727326,8
3.49,44.5,3516894,7
3.47,44.46,3669608,7
3.47,44.48,3699705,7
3.4,44.58,4004106,8
3.44,44.53,3692314,7
3.47,44.43,3910284,7
3.49,44.44,3829128,7
3.48,44.39,4157391,7
3.51,44.35,4012716,7
3.49,44.35,4181131,7
3.5,44.4,4154511,7
3.46,44.4,4491156,8
3.48,44.42,4216242,7
3.45,44.39,4503463,8
3.49,44.39,4431083,8
3.44,44.44,4613251,8
3.49,44.39,4344176,7
3.47,44.36,4606473,8
3.47,44.4,4484996,8
3.41,44.4,4735026,8
3.42,44.33,4415300,7
3.44,44.28,4714676,8
3.44,44.33,4635914,8
3.35,44.39,4909210,8
3.35,44.4,4579551,8
3.37,44.42,4816471,8
3.39,44.45,4672354,8
3.34,44.48,4971260,8
3.34,44.44,4620057,8
3.36,44.51,4824531,8
3.4,44.51,4676164,8
3.37,44.61,5133910,8
3.37,44.55,4609215,8
3.36,44.62,4944658,8
3.37,44.62,4692155,8
3.27,44.64,5204223,8
3.28,44.7,4777508,8
3.26,44.73,5072801,8
3.27,44.82,4989806,8
3.22,44.83,5263103,8
3.24,44.9,5012669,8
3.23,44.8,5206774,8
3.26,44.8,5084146,8
2.88,54.14,3040116,7
2.84,54.16,3006385,7
2.82,54.06,3074310,7
2.85,54.01,3210730,7
2.82,53.96,3298173,7
2.82,53.89,3143752,7
2.8,53.92,3357824,7
2.81,53.93,3382584,7
2.81,53.98,3419297,7
2.83,53.94,3273341,7
2.81,53.85,3428441,7
2.83,53.83,3353887,7
2.8,53.84,3292002,7
2.8,53.9,3229423,7
2.83,53.82,3404574,7
2.84,53.81,3568450,7
2.8,53.83,3609058,7
2.78,53.8,3530693,7
2.78,53.74,3595777,7
2.79,53.75,3582367,7
2.75,53.77,3726763,7
2.72,53.85,3664294,7
2.75,53.9,3888789,7
2.77,54.05,3862513,7
2.79,53.99,4057428,7
2.78,53.93,4055777,7
2.76,53.99,4167865,7
2.77,53.98,4165319,7
2.73,54.1,4162024,7
2.74,54.03,4074852,7
2.77,54.13,4296353,7
2.81,54.11,4167121,7
2.75,54.17,4459198,7
2.72,54.22,4276034,7
2.72,54.17,4546240,7
2.73,54.31,4345548,7
2.65,54.39,4465397,7
2.7,54.4,4363551,7
2.71,54.41,4626679,7
2.74,54.4,4518460,7
2.67,54.39,4740814,8
2.68,54.43,4566263,8
2.64,54.51,4591269,7
2.62,54.5,4387801,7
2.58,54.75,4560351,7
2.61,54.81,4488127,7
2.64,54.8,4688870,7
2.68,54.83,4665102,8
2.71,54.69,4977799,8
2.7,54.69,4914739,8
2.71,54.74,5054198,8
2.7,54.75,4772745,7
2.64,54.77,5002923,7
2.63,54.72,4873004,8
2.66,54.68,5095643,8
2.69,54.65,5040011,8
2.08,68.63,1564603,4
2.02,68.95,1525806,3
2.05,68.92,1509719,4
2.05,68.98,1641096,4
2.03,69.01,1642550,4
2.08,69,1631329,4
2.07,69.13,1668959,4
2.07,69.13,1655285,4
2.01,69.2,1626041,4
1.95,69.45,1564975,3
1.96,69.43,1673699,3
1.97,69.35,1602826,3
1.95,69.08,1547960,3
1.97,69.08,1595244,3
1.95,69.02,1594150,3
1.96,68.77,1730246,4
1.96,68.72,1692828,3
2,68.71,1745896,3
2,68.72,1833303,4
2,68.88,1810670,4
2.01,68.96,1976247,4
2.01,68.91,1905247,4
1.98,69.03,1957515,4
1.99,69.07,1999760,4
1.96,69.09,2034456,4
1.95,69.1,2069558,4
1.93,69.36,2088083,4
1.92,69.47,2002950,4
1.89,69.61,1929523,3
1.91,69.68,1993931,3
1.89,69.87,2006136,3
1.89,69.86,1961034,3
1.84,69.94,1979448,3
1.84,70.08,2017294,3
1.87,70.18,2123418,4
1.89,70.24,2065565,4
1.84,70.14,2140315,4
1.84,70.15,2123242,4
1.83,70.22,2118898,4
1.85,70.26,2199075,4
1.83,70.24,2114292,4
1.85,70.35,2146789,4
1.84,70.39,2175787,4
1.83,70.29,2148144,4
1.78,70.57,2148846,4
1.78,70.55,2168160,4
1.78,70.69,2179303,4
1.78,70.67,2223356,4
1.8,70.74,2175894,4
1.82,70.76,2264133,4
1.83,70.8,2386059,4
1.85,70.7,2357983,4
1.85,70.68,2401991,4
1.85,70.7,2465707,4
1.84,71,2528590,4
1.85,70.98,2533777,4
